,incide_productName,incide_ingredients,incide_enDescription,incide_imageKey,productName
,,,,,The Body Shop Tea Tree Skin Clearing Facial Wash
,,,,,The Body Shop  Edelweiss Cleanser
,,,,,The Body Shop Vitamin C Glow Cleansing Polish
,,,,,The Body Shop Moringa Cleansing Face & Body Bar
,,,,,The Body Shop Aloe Soothing Cream Cleanser
,,,,,The Body Shop Aloe Multi-Use Soothing Face & Body Gel
,,,,,The Body Shop Vitamin C Glow Revealing Tonic
,,,,,The Body Shop Camomile Jelly One-Step Cleanser 
,,,,,The Body Shop Tea Tree Skin Clearing Foaming Mousse
,,,,,The Body Shop Tea Tree Skin Clearing Facial Wash
,,,,,The Body Shop Himalayan Charcoal Purifying Clay Wash
,,,,,The Body Shop New Tea Tree Wash Scrub Mask 3in1
,,,,,The Body Shop  Vitamin E Gentle Face Wash
,,,,,The Body Shop Seaweed Deep Cleansing Gel Wash
,,,,,The Body Shop  Tea Tree Skin Clearing Foaming Cleanser
,,,,,The Body Shop Seaweed Oil-Control Gel Cream
,,,,,The Body Shop  Vitamin E Nourishing Night Cream 
,,,,,The Body Shop Vitamin E Moisture Day Cream 
,,,,,The Body Shop  Vitamin C Glow Boosting Moisturiser
,,,,,The Body Shop Tea Tree All-In-One Stick
,,,,,The Body Shop  Edelweiss Intense Smoothing Cream
,,,,,The Body Shop  Edelweiss Smoothing Day Cream
,,,,,The Body Shop Vitamin E Moisture Gel Cream
,,,,,The Body Shop  Tea Tree Skin Clearing Hydrator
,,,,,The Body Shop Oils of Life™ Intensely Revitalising Cream
,,,,,The Body Shop  Aloe Soothing Day Cream
,,,,,The Body Shop Aloe Soothing Night Cream 
,,,,,The Body Shop Oils Of Life™ Intensely Revitalising Sleeping Cream 
,,,,,The Body Shop Oils Of Life™ Intensely Revitalising Eye Cream-Gel
,,,,,The Body Shop Edelweiss Eye Serum Concentrate
,,,,,The Body Shop Edelweiss Bouncy Eye Mask
,,,,,The Body Shop Vitamin C Eye Glow Serum
,,,,,The Body Shop   Vitamin E Eye Cream 
,,,,,The Body Shop  Eye Gel Elderflower 
,,,,,The Body Shop Vitamin E Sheet Mask 
,,,,,The Body Shop Aloe Sheet Mask
,,,,,The Body Shop Chinese Ginseng & Rice Clarifying Polishing Mask
,,,,,The Body Shop Himalayan Charcoal Purifying Glow Mask
,,,,,The Body Shop Himalayan Charcoal Purifying Glow Mask
,,,,,The Body Shop  Japanese Matcha Tea Pollution Clearing Mask
,,,,,The Body Shop Tea Tree Skin Clearing Night Mask
,,,,,The Body Shop Edelweiss Serum Concentrate Sheet Mask
,,,,,The Body Shop Edelweiss Bouncy Sleeping Mask
,,,,,The Body Shop Edelweiss Bouncy Eye Mask
,,,,,The Body Shop Vitamin C Overnight Glow Revealing Mask
,,,,,The Body Shop Avocado Lip Mask 
,,,,,The Body Shop Tea Tree Skin Clearing Clay Mask
,,,,,The Body Shop Seaweed Oil-control Overnight Mask
,,,,,The Body Shop Pumpkin Instant Radiance In-Shower Mask
,,,,,The Body Shop New Tea Tree Wash Scrub Mask 3in1
,,,,,The Body Shop New Tea Tree Wash Scrub Mask 3in1
,,,,,The Body Shop Vitamin C Sheet Mask 
,,,,,The Body Shop British Rose Fresh Plumping Mask 
,,,,,The Body Shop Chinese Ginseng & Rice Clarifying Polishing Mask
,,,,,The Body Shop British Rose Fresh Plumping Mask 
,,,,,The Body Shop Hemp Overnight Nourishing Rescue Mask
,,,,,The Body Shop Tea Tree Skin Clearing Daily Scrub
,,,,,The Body Shop Edelweiss Liquid Peel 
,,,,,The Body Shop Vitamin C Glow-Revealing Liquid Peel
,,,,,The Body Shop Vitamin C Glow Revealing Microdermabrasion
,,,,,The Body Shop Exfoliating Cleanser SEAWEED
,,,,,The Body Shop Exfoliating Cleanser SEAWEED
,,,,,The Body Shop Shea Lip Butter
,,,,,The Body Shop Swipe It Moisturising Strawberry Lip Balm 
,,,,,The Body Shop Swipe It Moisturising Passionfruit Lip Balm
,,,,,The Body Shop Swipe It Moisturising Dragonfruit Lip Balm
,,,,,The Body Shop Avocado Lip Care Stick 
,,,,,The Body Shop  Skin Defence Protective Lip Balm SPF50+ PA+++
,,,,,The Body Shop  Skin Defence Protective Lip Balm SPF50+ PA+++
,,,,,The Body Shop  LIP CARE STICK OLIVE 
,,,,,The Body Shop Cherries & Cheer Lip Butter
,,,,,The Body Shop  Pears & Share Lip Scrub
,,,,,The Body Shop  Pears & Share Lip Scrub
,,,,,The Body Shop Pink Grapefruit Lip Butter
,,,,,The Body Shop Lip Butter Strawberry
,,,,,The Body Shop Skin Defence Multi-Protection Light Essence
,,,,,The Body Shop Camomile Dissolve The Day Make-Up Cleansing Oil
,,,,,The Body Shop Tea Tree Daily Solution
,,,,,The Body Shop  TEA TREE RAPID GEL 
,,,,,The Body Shop  Edelweiss Daily Serum Concentrate
,,,,,The Body Shop Edelweiss Daily Serum Concentrate
,,,,,The Body Shop Vitamin C Glow Revealing Serum
,,,,,The Body Shop Vitamin E Bi-Phase Serum 
,,,,,The Body Shop Tea Tree Oil
,,,,,The Body Shop Oils of Life™ Intensely Revitalising Facial Oil
,,,,,The Body Shop Oils of Life™ Intensely Revitalising Facial Oil
,,,,,The Body Shop Tea Tree Oil
,,,,,Nuxe Huile Prodigieuse Florale Multi-purpose Dry Oil
,,,,,Nuxe Nuxe Hydrating Lip Balm Very Rose
,,,,,Nuxe Nuxe Huile Prodigieuse Shimmering Dry Oil
,,,,,Nuxe Very Rose  Refreshing Toning Mist
,,,,,Nuxe Reve De Miel Face And Body Ultra-Rich Cleansing Gel
,,,,,Nuxe Very Rose Light Cleansing Foam
,,,,,Nuxe Nuxe Huile Prodigieuse® 
,,,,,Nuxe Huile Prodigieuse Florale Multi-purpose Dry Oil 
,,,,,Nuxe Merveillance LIFT Firming Activating Oil-serum
,,,,,Nuxe Huile Prodigieuse Shimmering Dry Oil
,,,,,Nuxe Merveillance LIFT Firming Powdery Cream
,,,,,Nuxe Very Rose 3-In-1 Soothing Micellar Water
,,,,,Nuxe Merveillance LIFT Lift Eye Cream 
,,,,,Nuxe Merveillance LIFT Firming Velvet Cream
,,,,,Nuxe Merveillance LIFT Glow Firming Radiance Cream
,,,,,Nuxe Huile Prodigieuse®
,,,,,Nuxe Huile Prodigieuse Multi-Purpose Dry Oil
,,,,,Nuxe Huile Prodigieuse Shimmering Dry Oil
,,,,,Nuxe  Huile Prodigieuse Florale Multi-purpose Dry Oil 
,,,,,Nuxe Reve de Miel Lip Moisturizing Stick
,,,,,Nuxe  Reve De Miel Honey Lip Balm Ultra-Nourishing And Repairing
,,,,, NUXE Merveillance LIFT Concentrated Night Cream
,,,,,Clarins Double Serum Anti-Aging + Anti-Wrinkle Serum
,,,,,Clarins Double Serum Anti-Aging + Anti-Wrinkle Serum
,,,,,Clarins Double Serum Anti-Aging + Anti-Wrinkle Serum
,,,,,Clarins Total Eye Lift Cream
,,,,,Clarins One-Step Gentle Exfoliating Cleanser
,,,,,Clarins One-Step Gentle Exfoliating Cleanser
,,,,,Clarins Lip Comfort Oil Hydrating and Plumping Lip Oil
,,,,,Clarins Double Serum Eye - Under Eye Tightening Cream
,,,,,Clarins Multi-Active Day Face Cream 
,,,,,Clarins Hydrating Toner + Face Lotion - Normal Dry Skin
,,,,,Clarins Hydrating Toner + Face Lotion - Normal Dry Skin
,,,,,Clarins Hydrating Toner + Face Lotion - Normal Dry Skin
,,,,,Clarins Double Serum Light Texture Anti-Aging Serum
,,,,,Clarins Cryo-Flash cream Mask
,,,,,Clarins EXTRA FIRMING JOUR crème fermeté anti- rides SPF15
,,,,,Clarins Multi-Active Night Face Cream 
,,,,,Clarins Super Restorative Day Cream
,,,,,Clarins Super Restorative Night Cream
,,,,,Clarins Extra-Firming Night
,,,,,Clarins Super Restorative Day SPF 15
,,,,,Clarins Beauty Flash Balm
,,,,,Clarins Beauty Flash Balm
,,,,,Clarins Hydrating Gentle Foaming Cleanser
,,,,,Clarins Hydrating Gentle Foaming Cleanser
,,,,,Clarins Bright Plus Face Brightening Dark Spot Serum
,,,,,Clarins Bright Plus Face Brightening Dark Spot Serum
,,,,,Clarins Blue Orchid Face Treatment Oil
,,,,,Clarins Velvet Facial Milk Cleanser
,,,,,Clarins Velvet Facial Milk Cleanser
,,,,,Clarins Velvet Facial Milk Cleanser
,,,,,Clarins My Clarins RE-CHARGE relaxing detox night cream
,,,,,Clarins One-Step Facial Cleanser with Orange Extract
,,,,,Clarins One-Step Facial Cleanser with Orange Extract
,,,,,Clarins Gentle Renewing Cleansing Mousse
,,,,,Clarins Hydra-Essentiel Night Moisturizer with Double Hyaluronic Acid
,,,,,Clarins Hydra-Essentiel Moisturizer + Hyaluronic Acid
,,,,,Clarins Hydra-Essentiel Moisturizer + Hyaluronic Acid
,,,,,Clarins V-Facial Intensive Wrap Depuffing Face Mask
,,,,,Clarins Soothing Toning Face Lotion - Sensitive Skin
,,,,,Clarins Soothing Toning Face Lotion - Sensitive Skin
,,,,,Clarins Soothing Toning Face Lotion - Sensitive Skin
,,,,,Clarins Cleansing Micellar Water Face Makeup Remover
,,,,,Clarins Instant Eye-Makeup Remover for Sensitive Eyes
,,,,,Clarins Multi-Active Day Face Cream - Dry Skin
,,,,,Clarins Bright Plus Fresh Ampoule Vitamin C Complex
,,,,,Clarins Multi-Active Revitalizing Treatment Essence
,,,,,Clarins Hydra-Essentiel Hydrating Bi-Phase Serum
,,,,,Clarins Soothing Gentle Foaming Cleanser
,,,,,Clarins Multi-Active Night Face Cream - Dry Skin
,,,,,Clarins Total Eye Contour Gel for Depuffing
,,,,,Clarins Gentle Eye Make-Up Remover
,,,,,Clarins My Clarins RE-BOOST hydra-energizing cream
,,,,,Clarins Purifying Toning Face Lotion for Oily Skin
,,,,,Clarins Purifying Toning Face Lotion for Oily Skin
,,,,,Clarins Purifying Toning Face Lotion for Oily Skin
,,,,,Clarins Total Eye Revive - Eye Gel Cream
,,,,,Clarins My Clarins RE-MOVE detoxifying dermo-cleansing gel
,,,,,Clarins Purifying Gentle Foaming Cleanser
,,,,,Clarins My Clarins CLEAR-OUT Targeted Vegan Blemish Lotion with Salicylic Acid
,,,,,Clarins V Shaping Facial Lift Serum
,,,,,Clarins V Shaping Facial Lift Serum
,,,,,Clarins Fresh Scrub Refreshing Cream Scrub
,,,,,Clarins Nutri-Lumière Night Cream
,,,,,Clarins Extra-Firming Energy
,,,,,Clarins Super Restorative Day Cream - Very Dry Skin
,,,,,Clarins Comfort Scrub Nourishing Oil Scrub
,,,,,Clarins Nutri-Lumière Day Cream
,,,,,Clarins Super Restorative Face Remodelling Serum
,,,,,Clarins Super Restorative Face Remodelling Serum
,,,,,Clarins Total Eye Smooth - Under Eye Smoothing Balm
,,,,,Clarins Extra-Firming Firming Treatment Essence
,,,,,Clarins Hydra-Essentiel Light Moisturizer with Double Hyaluronic Acid
,,,,,Clarins Hydra-Essentiel Mask
,,,,,Clarins V Shaping Facial Lift Eye
,,,,,Clarins Rose Radiance Cream Super Restorative
,,,,,Clarins Extra-Firming Lip & Contour Balm
,,,,,Clarins Pore Control Serum
,,,,,Clarins Super Restorative Night Cream - Very Dry Skin
,,,,,Clarins Lotus Face Treatment Oil
,,,,,Clarins Beauty Flash Peel
,,,,,Clarins Multi-Active Matte Emulsion Moisturizer
,,,,,Clarins Hydra-Essentiel Rich Cream with Hyaluronic Acid
,,,,,Clarins My Clarins PURE-RESET purifying matifying toner
,,,,,Clarins Total Cleansing Oil
,,,,,Clarins Total Cleansing Oil
,,,,,Clarins Plant Gold Nutri-Revitalizing Oil-Emulsion
,,,,,Clarins Bright Plus Dark Spot-Targeting Moisturizing Emulsion
,,,,,Clarins Bright Plus Dark Spot-Targeting Milky Essence
,,,,,Clarins Hydra-Essentiel Hydrating Multi-Protection Mist
,,,,,Clarins Extra-Firming Phyto-Serum
,,,,,Clarins Extra-Firming Day - Dry Skin
,,,,,Clarins Hydra-Essentiel [HA + PEPTIDE] Moisture Replenishing Lip Balm
,,,,,Clarins SOS Comfort Nourishing Balm Mask with Mango
,,,,,Clarins SOS Pure Rebalancing Clay Mask
,,,,,Clarins Bright Plus Dark Spot-Targeting Treatment Essence
,,,,,Clarins Bright Plus Dark Spot-Targeting Moisturizing Gel Cream
,,,,,Clarins Extra-Firming Day 
,,,,,Clarins Super Restorative Facial Treatment Essence
,,,,,Clarins Hydra-Essentiel Matte Gel Moisturizer - Hyaluronic Acid
,,,,,Clarins Nutri-Lumière Revive
,,,,,Clarins Gentle Peeling Smooth Away Cream
,,,,,Clarins Precious La Mousse Luxury Foaming Face Cleanser
,,,,,Clarins Precious La Lotion Age-Defying Treatment Essence
,,,,,Clarins My Clarins RE-FRESH eye de-puffer
,,,,,Clarins Extra-Firming Face Emulsion
,,,,,Clarins Hydra-Essentiel Emulsion with Double Hyaluronic Acid
,,,,,Clarins Precious La Crème Yeux Age-Defying Eye Cream
,,,,,Clarins Precious La Crème Age-Defying Moisturizer
,,,,,Clarins Precious La Crème Riche Nourishing Face Cream
,,,,,Clarins Precious Le Sérum Luxury Face Serum
,,,,,Clarins UV Plus SPF 50 Anti Pollution Face Sunscreen
,,,,,Clarins Nutri-Lumière Treatment Essence
,,,,,Clarins My Clarins RE-BOOST GLOW hydra-energizing tinted cream
,,,,,Clarins Nutri-Lumière Day Emulsion
,,,,,Clarins Multi-Active Day Cream SPF 20
,,,,,Clarins UV PLUS Anti-Pollution Broad Spectrum SPF 50 Tinted Sunscreen Multi-Protection
,,,,,Clarins Total Eye Hydrate
,,,,,Clarins White Plus Pure Translucency Brightening Creamy Mousse Cleanser
,,,,,CURE Natural Aqua Gel
,,,,,ScarZ Intensive Gel
,,,,,D-na Whitening Supplement
,,,,,D-na Whitening Supplement
,,,,,D-na Ultimate Whitening Cream
,,,,,D-na Ultimate Whitening Cream
,,,,,D-na Intensive Whitening Essence
,,,,,D-na Intensive Whitening Essence
,,,,,Acnes Blemish Control Toner
,,,,,Acnes Blemish Control Mask
,,,,,Acnes Blemish Control Sunscreen
,,,,,Acnes Micellar Water
,,,,,Acnes Blemish Clear Cream
,,,,,Acnes Gentle Wash
,,,,,Acnes Whitening+ Cream
,,,,,Acnes Anti-Blackhead Cleanser & Mask
,,,,,Acnes Anti-Blackhead Cleanser & Mask
,,,,,Acnes 25+ Facial Wash
,,,,,Acnes 25+ Facial Serum
,,,,,Acnes Oil Control Cleanser
,,,,,Acnes Oil Control Cleanser
,,,,,Acnes Foaming Wash
,,,,,Acnes Creamy Wash
,,,,,Acnes Creamy Wash
,,,,,Acnes Washing Bar
,,,,,ACNES MEDICAL CREAM
,,,,,Acnes Sealing Jell
,,,,,Acnes Sealing Jell
,,,,,Acnes Vitamin Cleanser 
,,,,,Acnes Vitamin Cleanser 
,,,,,Acnes Baby Mud Cleanser
,,,,,Acnes Baby Mud Cleanser
,,,,,Acnes Baby Mud Mask
,,,,,Acnes Scar Care
,,,,,Acnes Vitamin Cream
,,,,,Acnes Whitening+ Cleanser
,,,,,Acnes C10
,,,,,Oxy Perfect Hydra Wash
,,,,,Oxy Anti-Blackhead Wash
,,,,,Oxy Acne Prevent
,,,,,Oxy Deep Wash
,,,,,Oxy Deep Wash
,,,,,Oxy White Complete
,,,,,Oxy Total Anti-Acne
,,,,,Oxy Perfect Wash
,,,,,Oxy Perfect Wash
,,,,,Oxy Anti-Acne Spot Gel
,,,,,OXY 5 
,,,,,OXY 10
,,,,,Oxy Perfect Clear Pad
,,,,,Mentholatum Botanic Cleanser
,,,,,Mentholatum Botanic Lotion
,,,,,Mentholatum Botanic Essence
,,,,,Happy Event Gentle Cleanser
,,,,,Keana Baking Soda Scrub Wash
,,,,,Keana Rice Cream
,,,,,Keana Rice Pack
,,,,,Keana Rice Mask
,,,,,Keana Rice Toner
,,,,,Keana Rice Oil
,,,,,Keana Rice Toner N
,,,,,Keana Baking Soda Cleansing Milk
,,,,,Keana Baking Soda Foam Wash 
,,,,,Keana Baking Soda Scrub Wash For Men
,,,,,Keana Baking Soda Cleansing Milk
,,,,,"Keana Baking Soda Cleansing Gel"
,,,,,Keana Tightening Mask
,,,,,Toumei Shirohada Transparent White Lotion
,,,,,Toumei Shirohada Transparent White Wash N
,,,,,Rosette Clear Tune Tuning Gel
,,,,,Rosette Sugoff Cleansing Oil Refill
,,,,,Rosette Sugoff Cleansing Water
,,,,,Rosette Naturalion Clay Cleansing
,,,,,Rosette Naturalion Massaging Clay Wash
,,,,,Rosette Naturalion Mild Peeling Soap
,,,,,Rosette Naturalion Peeling Formula With Oil
,,,,,Rosette Acne Balancing Foam
,,,,,Rosette Acne Refresh Foam
,,,,,Rosette Face Wash Pasta White Diamond
,,,,,Rosette Face Wash Pasta For Dry Skin
,,,,,Rosette Face Wash Pasta For Normal Skin
,,,,,Rosette Makeup-Removing Face Wash Pasta
,,,,,Rosette Men's Acne Foam
,,,,,Rosette Sugoff Cleansing Cream
,,,,,Rosette Sugoff Cleansing Oil Refill
,,,,,Rosette Sugoff Cleansing Water
,,,,,Rosette Face Wash Pasta Acne Clear
,,,,,Rosette Face Wash Pasta Ghassoul Bright
,,,,,Rosette Face Wash Pasta White Clay Lift
,,,,,Rosette Gommage Moist
,,,,,Rosette Gommage Moist
,,,,,Rosette Gommage
,,,,,Rosette Gommage
,,,,,Rosette Acne Face Wash
,,,,,Rosette Ceramide Rich Foaming Face Wash
,,,,,Rosette Hello Kitty Apple Gommage
,,,,,Rosette Face Wash Pasta Red Clay Wrinkle
,,,,,Rosette Dreamy Balm Sea Clay Smooth Moisture
,,,,,Rosette Face Wash Pasta Acne Clear
,,,,,Rosette Face Wash Pasta Sea Clay Smooth
,,,,,Rosette Gommage Bright Peel
,,,,,"Rosette Gommage Clear Peel"
,,,,,"Rosette Gommage Clear Peel"
,,,,,Rosette Gommage Bright Peel
,,,,,cleansing research Wash Cleansing
,,,,,cleansing research Wash Cleansing B
,,,,,cleansing research AHA  Liquid Cleansing Oil Free
,,,,,cleansing research AHA Cleansing Research Oil Cleansing Pore Clear
,,,,,cleansing research AHA Cleansing Research Cleansing Water Mild Peeling
,,,,,Cleansing Research Wash Cleansing
,,,,,Cleansing Research Wash Cleansing B
,,,,,Momopuri Cleansing Wash
,,,,,Momopuri Gel Cream
,,,,,Momopuri Jelly Mask
,,,,,Momopuri Lotion
,,,,,Momopuri Jelly Mask Cool
,,,,,Momopuri Cleansing Wash
,,,,,Momopuri Milky Serum Mask
,,,,,"Momopuri Moist Barrier Lotion R"
,,,,,"Momopuri Moist Barrier"
,,,,,Shigaisen Yohou Non Chemical UV Gel F SPF 30 PA+++
,,,,,Shigaisen Yohou UV Smooth Gel SPF 30 PA+++
,,,,,Shigaisen Yohou Non Chemical Uv Cream F SPF 50 PA++++
,,,,,Shigaisen Yohou Transparent UV Spray SPF 50 PA +++ 
,,,,,Shigaisen Yohou Non Chemical Whitening UV Cream SPF50+ PA++++ 
,,,,,Shigaisen Yohou UV Smooth Gel SPF 30 PA+++ 
,,,,,Shigaisen Yohou Dry-Touch UV Stick
,,,,,Tsururi Mild Sea Clay Pack
,,,,,Tsururi Peel-Off Pack
,,,,,Tsururi Ghassoul Mineral Clay Pack 
,,,,,Tsururi Point Clay Pack Ghassoul & Red Clay Powder 
,,,,,Tsururi Koso Gel
,,,,,Saborino Morning Facial Sheet Mask Moisture Rich 
,,,,,Saborino Morning Facial Sheet Mask Moisture Rich 
,,,,,Saborino Good Night Sheet Mask 
,,,,,Saborino Good Night Sheet Mask 
,,,,,Saborino Morning Facial Sheet Mask
,,,,,Saborino Morning Facial Sheet Mask 
,,,,,Saborino Morning Uv Spray Cool SPF50+ PA++++
,,,,,Saborino Morning Facial Sheet Mask Botanical
,,,,,Saborino Good Night Sheet Mask Moisture Mild
,,,,,"Saborino Morning Facial Sheet Mask Sa 20"
,,,,,Saborino Morning Facial Sheet Plump Japanese Ingredient High Moisture Type
,,,,,Saborino Morning Facial Sheet Cicacare 22
,,,,,"Saborino Medical Facial Sheet Mask Brightening"
,,,,,Saborino Medical Facial Sheet Mask Acne
,,,,,Medel Natural Balancer Face Wash
,,,,,Medel Natural Balancer Cleansing Liquid
,,,,,Medel Natural Balancer Face Lotion
,,,,,Medel Natural Balancer Face Milk
,,,,,"Alobaby Milky Lotion"
,,,,,Alobaby Baby Balm
,,,,,Alobaby UV&Outdoor Mist SPF15 PA++
,,,,,Custom No.333 by NY VC10 Serum
,,,,,"Custom No.333 by NY Lotion"
,,,,,Custom No.333 by NY Gel
,,,,,"Custom No.333 by NY Hyaluronic acid Serum"
,,,,,Custom No.333 by NY Placenta Serum
,,,,,Custom No.333 by NY Ceramide Serum
,,,,,Custom No.333 by NY Pearl barley Serum
,,,,,Custom No.333 by NY Retinol Serum
,,,,,Custom No.333 by NY Fullerene Serum
,,,,,Custom No.333 by NY Collagen Serum
,,,,,Custom No.333 by NY Argan Stem cell extract Serum
,,,,,"Custom No.333 by NY Pore Minimizing Serum"
,,,,,Custom No.333 by NY Squalene Serum
,,,,,Custom No.333 by NY VC30 Serum
,,,,,Custom No.333 by NY Cica Serum
,,,,,Illiyoon Ceramide Ato Lotion 
,,,,,ILLIYOON Ceramide Ato Lotion 
,,,,,ILLIYOON Ceramide ATO Cream
,,,,,ILLIYOON Ceramide ATO Cream
,,,,,ILLIYOON Ceramide ATO Cream
,,,,,Illiyoon Ceramide Ato Concentrate Cream
,,,,,Illiyoon Ceramide Ato Concentrate Cream
,,,,,Illiyoon Ceramide Ato Concentrate Cream
,,,,,Illiyoon Ceramide Ato Concentrate Cream
,,,,,Illiyoon Ceramide Ato Concentrate Cream
,,,,,Illiyoon Ceramide Ato Concentrate Cream
,,,,,Illiyoon Fresh Moisture Lip and Eye Makeup Remover
,,,,,Illiyoon Ceramide Derma Amino Foam
,,,,,Kiehl's Clearly Corrective Dark Spot Solution
,,,,,Kiehl's Clearly Corrective Dark Spot Solution
,,,,,Kiehl's Calendula Herbal Extract Alcohol-Free Toner
,,,,,Kiehl's Calendula Herbal Extract Alcohol-Free Toner
,,,,,Kiehl's Calendula Herbal Extract Alcohol-Free Toner
,,,,,Kiehl's Retinol Micro-Dose
,,,,,Kiehl's Retinol Micro-Dose
,,,,,Kiehl's Calendula Deep Cleansing Foaming Face Wash
,,,,,Kiehl's Calendula Deep Cleansing Foaming Face Wash
,,,,,Kiehl's Calendula Deep Cleansing Foaming Face Wash
,,,,,Kiehl's Ultra Facial Cream
,,,,,Kiehl's Ultra Facial Cream
,,,,,Kiehl's Ultra Facial Cream
,,,,,Kiehl's Ultra Facial Cream
,,,,,Kiehl's Ultra Facial Oil-Free Gel Cream
,,,,,Kiehl's Ultra Facial Oil-Free Gel Cream
,,,,,Kiehl's Ultra Facial Oil-Free Gel Cream
,,,,,Kiehl's Ultra Facial Oil-Free Gel Cream
,,,,,Kiehl's Rare Earth Deep Pore Cleansing Masque
,,,,,Kiehl's Rare Earth Deep Pore Cleansing Masque
,,,,,Kiehl's Ultra Light Daily UV Defense SPF 50 PA++++
,,,,,Kiehl's Ultra Light Daily UV Defense SPF 50 PA++++
,,,,,Kiehl's Ultra Light Daily UV Defense Aqua Gel
,,,,,Kiehl's Ultra Light Daily UV Defense Aqua Gel
,,,,,Kiehl's Super Multi-Corrective Cream
,,,,,Kiehl’s Clearly Corrective™ Daily Re-Texturizing Triple Acid Peel
,,,,,Kiehl's Tumeric & Cranberry Seed Energizing Radiance Masque
,,,,,Kiehl's Tumeric & Cranberry Seed Energizing Radiance Masque
,,,,,Kiehl's Avocado Nourishing Hydrating Mask
,,,,,Kiehl's Avocado Nourishing Hydrating Mask
,,,,,Kiehl's Kiehl's Avocado Nourishing Hydrating Mask
,,,,,Kiehl's Ultra Pure Serum 5% Niacinamide
,,,,,Kiehl's Ultra Pure Serum 1.5% Hyaluronic Acid
,,,,,Kiehl's Ultra Pure Serum 9.8% Glycolic Acid
,,,,,Kiehl's Rare Earth Deep Pore Cleansing Mask
,,,,,Kiehl's Vital Skin-Strengthening Super Serum
,,,,,Kiehl's Vital Skin-Strengthening Super Serum
,,,,,Kiehl's Vital Skin-Strengthening Super Serum
,,,,,Kiehl's Midnight Recovery Concentrate
,,,,,Kiehl's Midnight Recovery Concentrate
,,,,,Kiehl's Midnight Recovery Concentrate
,,,,,Kiehl's Powerful-Strength Line-Reducing Concentrate
,,,,,Kiehl's Powerful-Strength Line-Reducing Concentrate
,,,,,Kiehl's Powerful-Strength Line-Reducing Concentrate
,,,,,Kiehl's Calendula Serum-Infused Water Cream
,,,,,Kiehl's Calendula Serum-Infused Water Cream
,,,,,Kiehl's CalenDula Herbal Extract Alcohol-Free Toner
,,,,,Kiehl's Clearly Corrective Brightening & Smoothing Moisture
,,,,,Kiehl's Hydro-Plumping Re-Texturizing Serum Concentrate
,,,,,Kiehl's Hydro-Plumping Re-Texturizing Serum Concentrate
,,,,,Kiehl's Hydro-Plumping Re-Texturizing Serum Concentrate
,,,,,Kiehl's Rare Earth Deep Pore Daily Cleanser
,,,,,Kiehl's Rare Earth Deep Pore Daily Cleanser
,,,,,Kiehl's Clearly Corrective™ Brightening & Exfoliating Cleanser
,,,,,Kiehl's Midnight Recovery Botanical Cleansing Oil
,,,,,Kiehl's Midnight Recovery Botanical Cleansing Oil
,,,,,Kiehl's Midnight Recovery Omega Rich Cloud Cream
,,,,,Kiehl's Midnight Recovery Eye
,,,,,Kiehl's Clearly Corrective™ Brightening Soothing Treatment Water
,,,,,Kiehl's Clearly Corrective Accelerated Clarity Renewing Ampoules
,,,,,Kiehl's Iris Extract Activating Treatment
,,,,,Kiehl's Powerful-Strength Line-Reducing & Dark Circle-Diminishing Vitamin C Eye
,,,,,Kiehl's Precision Lifting & Pore-Tightening Concentrate
,,,,,Kiehl's Nightly Refining Micro-Peel Concentrate
,,,,,Kiehl's Daily Reviving Concentrate
,,,,,Kiehl's Daily Reviving Concentrate
,,,,,Kiehl's Creamy Eye Treatment with Avocado
,,,,,Kiehl's Age Defender Eye Repair
,,,,,Kiehl's Powerful Wrinkle Reducing Eye Cream
,,,,,Kiehl's Blue Astringent Herbal Lotion
,,,,,Kiehl's Blue Herbal Blemish Cleanser Treatment
,,,,,Kiehl's Ultra Facial Oil-Free Toner
,,,,,Kiehl's Ultra Facial Oil-Free Cleanser
,,,,,Kiehl's Ultra Facial Cleanser
,,,,,Kiehl's Rare Earth Pore Refining Tonic
,,,,,Kiehl's Cucumber Herbal Conditioning Cleanser
,,,,,Kiehl's Oil Eliminator Deep Cleansing Exfoliating Face Wash For Men
,,,,,Kiehl's Epidermal Re-Texturizing Micro-Dermabrasion
,,,,,Kiehl's Defense Mineral Sunscreen SPF 50 PA+++
,,,,,Kiehl's Facial Fuel Energizing Tonic for Men
,,,,,Kiehl's Facial Fuel Energizing Face Wash
,,,,,Kiehl's Facial Fuel Energizing Moisture Treatment For Men
,,,,,Kiehl's Eye Fuel
,,,,,Kiehl's Age Defender Gel Moisturizer
,,,,,Kiehl's Age Defender Power Serum
,,,,,Kiehl's Cactus Flower & Tibetan Ginseng Hydrating Mist
,,,,,Kiehl's Cactus Flower & Tibetan Ginseng Hydrating Mist
,,,,,Kiehl's Centella Sensitive Facial Cleanser
,,,,,Kiehl's Centella Sensitive Cica-Cream
,,,,,Kiehl's Lip Balm
,,,,,Kiehl's Buttermask For Lips
,,,,,Kiehl's Ultra Pure Serum 1.5% Hyaluronic Acid
,,,,,Kiehl's Ultra Pure Serum 9.8% Glycolic Acid
,,,,,Kiehl's Ultra Facial Toner
,,,,,Kiehl's Calendula Petal-Infused Calming Mask
,,,,,Kiehl's Calendula Petal-Infused Calming Mask
,,,,,Kiehl's Rare Earth
,,,,,Kiehl's Super Multi-Corrective Eye Zone Treatment
,,,,,Kiehl's Super Multi-Corrective Eye Zone Treatment
,,,,,Kiehl's Super Multi-Corrective Soft Cream
,,,,,Kiehl's Super Multi-Corrective Soft Cream
,,,,,SK-II Skinpower Essence
,,,,,SK-II Skinpower Advanced Airy Cream
,,,,,SK-II Skinpower Advanced Cream
,,,,,SK-II Skinpower Essence
,,,,,SK-II Genoptics Ultraura Essence
,,,,,SK-II Facial Treatment Essence Olympic Tokyo
,,,,,SK-II Skinpower Essence
,,,,,SK-II Skinpower Advanced Airy Cream
,,,,,SK-II Skinpower Advanced Cream
,,,,,SK-II Skinpower Essence
,,,,,SK-II Genoptics Ultraura Essence
,,,,,SK-II Genoptics Ultraura Essence
,,,,,SK-II Skinpower Cream
,,,,,SK-II Skinpower Cream
,,,,,SK-II Skinpower Cream
,,,,,SK-II LXP Ultimate Perfecting Essence
,,,,,SK-II LXP Ultimate Perfecting Serum
,,,,,SK-II LXP Ultimate Perfecting Cream
,,,,,SK-II LXP Ultimate Perfecting Cream
,,,,,SK-II LXP Ultimate Perfecting Cream
,,,,,SK-II LXP Ultimate Perfecting Eye Cream
,,,,,SK-II Masterpiece Pitera Eye Cream
,,,,,SK-II Masterpiece Pitera Cream
,,,,,SK-II LXP Activating Massage Fluid
,,,,,SK-II Genoptics Under Eye Circle
,,,,,SK-II Cellumination Day Surge UV
,,,,,SK-II Whitening Source Derm Definition UV Lotion
,,,,,SK-II Whitening Source Derm Definition UV Lotion
,,,,,SK-II Atmosphere Airy Light UV Cream SPF50+/PA++++
,,,,,SK-II Stempower Rich Cream
,,,,,SK-II Facial Lift Emulsion
,,,,,SK-II Skinpower Airy Milky Lotion
,,,,,SK-II Genoptics Aura Essence
,,,,,SK-II Whitening Source Derm-Brightener
,,,,,SK-II RNA Power Airy Milky Lotion 15g
,,,,,SK-II RNA Power Airy Milky Lotion
,,,,,SK-II RNA Power Radical New Age
,,,,,SK-II R.N.A Power Radical New Age Cream
,,,,,SK-II Skin Refining Treatment
,,,,,SK-II RNA Power Radical New Age
,,,,,SK-II R.N.A Power Airy Milky Lotion
,,,,,SK-II Cellumination Deep Surge EX
,,,,,SK-II Skinpower Eye Cream
,,,,,SK-II Skinpower Eye Cream
,,,,,SK-II RNA Power Eye Cream Radical New Age
,,,,,SK-II RNA Power Eye Cream Radical New Age
,,,,,SK-II Whitening Source Derm Revival Mask
,,,,,SK-II Skin Signature 3D Redefining
,,,,,SK-II Whitening Source Derm Revival Mask
,,,,,SK-II Overnight Mask
,,,,,SK-II Facial Treatment Mask
,,,,,SK-II Facial Treatment Clear Lotion
,,,,,SK-II Facial Treatment Clear Lotion
,,,,,SK-II Facial Treatment Clear Lotion
,,,,,SK-II Facial Treatment Essence
,,,,,SK-II Facial Treatment Essence XOXO New Year 2021
,,,,,SK-II Men Facial Treatment Essence
,,,,,SK-II Facial Treatment Essence Olympic Tokyo
,,,,,SK-II Facial Treatment Essence Mickey
,,,,,SK-II Facial Treatment Essence
,,,,,SK-II Facial Treatment Essence Fantasista Utamaro
,,,,,SK-II Facial Treatment Essence For Men
,,,,,SK-II Facial Treatment Essence For Men
,,,,,SK-II Men Moisturizing Cleanser
,,,,,SK-II Atmosphere Airy Light UV Cream SPF50+/PA++++
,,,,,SK-II Facial Treatment Cleaning Cream
,,,,,SK-II Facial Treatment Cleanser
,,,,,SK-II Facial Treatment Gentle Cleanser
,,,,,SK-II Facial Treatment Gentle Cleanser
,,,,,SK-II Facial Treatment Cleasing Gel
,,,,,SK-II Facial Treatment Cleasing Oil
,,,,,SK-II Skin Rebooster
,,,,,SK-II Genoptics Spot Essence
,,,,,SK-II Genoptics Spot Essence
,,,,,Kose Sekkisei White Powder Wash
,,,,,Kosé Sekkisei Herbal Esthetic Mask 
,,,,,Kose Prédia Spa et Mer G Serum
,,,,,Kose Sekkisei Cleansing Oil
,,,,,Kose Infinity Cleansing Cream Prestigious
,,,,,Kose Predia Deep Sea Spa
,,,,,Kose Prédia Spa Des Grands Cream Cleanse
,,,,,Kose Sekkisei Clear Cleansing Oil
,,,,,Kose Treatment Cleansing Oil
,,,,,Kose Treatment Cleansing Oil
,,,,,Kose Cosmeport Softymo White Cleansing Oil
,,,,,Kose Elsia Cleansing Oil
,,,,,Kose Elsia All In One Gel
,,,,,Kose Infinity Pure Advance Oil Cleansing Gel
,,,,,Kose One By Kosé The Wrinkless
,,,,,Kose Infinity AG Repair Cream
,,,,,Kose Infinity Cream Excellent
,,,,,Kose Infinity Cream Excellent
,,,,,Kose Prédia Mineral Sun Protector SPF50+/PA++++
,,,,,Kose Prédia Spa et Mer White Day Solution SPF 50+/PA+++
,,,,,Kose Sekkisei Sun Protect Essence Gel N SPF50+/PA++++
,,,,,Kose Sekkisei Sun Protect Essence Gel SPF50+/PA++++
,,,,,Kose Sekkisei Sun Protect Essence Milk N SPF50+/PA++++
,,,,,Kose Prédia Mineral Sun Protector SPF50+/PA++++
,,,,,Kose Sekkisei Sun Protect Essence Gel N SPF50+/PA++++
,,,,,Kose Sekkisei Sun Protect Essence Milk N SPF50+/PA++++
,,,,,Kose Sekkisei Sun Protect Essence Milk N SPF50+/PA++++
,,,,,Kose Sekkisei Sun Protect Essence Gel N SPF50+/PA++++
,,,,,Kose Infinity Advanced Moisture Concentrate Serum
,,,,,Kose Sekkisei Cream
,,,,,Kose Prédia Spa Des Grands Night Cream
,,,,,Kose Sekkisei Supreme Revitalizing Cream I
,,,,,Kose Sekkisei Supreme Revitalizing Cream II
,,,,,Kose Prédia Spa et Mer Midnight Bandage Eye Cream
,,,,,Kose Infinity Eye Cream
,,,,,Kose Prédia Spa et Mer Eye Zone BB EX
,,,,,Kose Sekkisei Eye Cream
,,,,,Kose Sekkisei Supreme Eye Cream
,,,,,Kose Prédia Spa Des Grands Day Cream
,,,,,Kose Sekkisei Sun Protector N
,,,,,Kose Prédia Spa Et Mer Midnight Bandage Cream
,,,,,Kose Infinity Cream Prestigious
,,,,,Kose Kose Sekkisei Supreme Revitalizing Cream I
,,,,,Kose Kose Sekkisei Supreme Revitalizing Cream II
,,,,,Kose Elsia Platinum Whitening Cream
,,,,,Kose Sekkisei Cream
,,,,,Kose Infinity Oil Cleansing Cream
,,,,,Kose Sekkisei Supreme Cleansing Cream
,,,,,Kose Prédia Spa Des Grands Cream Cleanse
,,,,,Kose Prédia Spa et Mer Fango Double Cleanse
,,,,,Kose Infinity Cleansing Cream Prestigious
,,,,,Kose Infinity Oil Cleansing Cream
,,,,,Kose Elsia Cleansing Cream
,,,,,Kose Sekkisei Lotion
,,,,,Kose Sekkisei Supreme Refining Lotion I
,,,,,Kose Sekkisei Supreme Refining Lotion II
,,,,,Kose Infinity Lotion Concentrate 14 I
,,,,,Kose Infinity Lotion Concentrate 14 II
,,,,,Kose Infinity Pure Advance Essence Lotion I
,,,,,Kose Infinity Pure Advance Essence Lotion II
,,,,,Kose Junkisui Refreshing Lotion
,,,,,Kose Prédia Spa Des Grands Lotion
,,,,,Kose Prédia Spa et Mer Mineral Lotion I
,,,,,Kose Prédia Spa et Mer Mineral Lotion II
,,,,,Kose Prédia Spa et Mer Mineral Lotion White I
,,,,,Kose Prédia Spa et Mer Mineral Lotion White II
,,,,,Kose Sekkisei Supreme Refining Lotion I
,,,,,Kose Sekkisei Supreme Refining Lotion II
,,,,,Kose Elsia All In One Lotion
,,,,,Kose Infinity Advanced Moisture Concentrate Lotion
,,,,,Kose Infinity Lotion Prestigious
,,,,,Kose Infinity Realizing White Lotion XX
,,,,,Kose Prédia Petite Mer White Mineral White
,,,,,Kose Prédia Spa Et Mer Fango Sebum Clear Pack
,,,,,Kose Elsia Quick Essence Mask
,,,,,Kose Prédia Midnight Bandage Mask
,,,,,Kose Infinity Vital Comfort Mask
,,,,,Kose Prédia Spa Des Grands Firm Up Treatment
,,,,,Kose Bidagoyomi Lotion Mask Paper
,,,,,Kose Sekkisei Essence Mask
,,,,,Kose Sekkisei Herbal Gel
,,,,,Kose Infinity Pure Advance Deep Clear Mask
,,,,,Kose Sekkisei Clear Whitening Mask
,,,,,Kose Cosmeport Clear Turn Premium Royal Jelly Mask
,,,,,Kose Infinity Pure Advance Serum II
,,,,,Kose Infinity Perfect Protection UV White SPF50+/PA++++
,,,,,Kose Junkisui Moisturizer
,,,,,Kose Infinity Pure Advance Serum III
,,,,,Kose Prédia Spa et Mer DayTreatment Essence EX SPF30/PA+++
,,,,,Kose Prédia Spa Des Grands Moisturizer
,,,,,Kose Sekkisei Supreme Moisturizer I
,,,,,Kose Sekkisei Supreme Moisturizer II
,,,,,Kose Sekkisei Emulsion
,,,,,Kose Predia Green Alga Moisturizer
,,,,,Kose Predia Red Alga Moisturizer
,,,,,Kose Infinity Serum Completion I/II
,,,,,Kose Infinity Serum Prestigious
,,,,,Kose Prédia Spa et Mer Moisturizer White I/II
,,,,,Kose Prédia Deep Sea Spa Green Alga Moisturizer
,,,,,Kose Predia Deep Sea Spa White Alga Moisturizer
,,,,,Kose Sekkisei Emulsion
,,,,,Kose Infinity Deep Protection UV SPF50+/PA++++
,,,,,Kose Sekkisei White UV Emulsion SPF50+/PA++++
,,,,,Kose Infinity Realizing White Serum XX
,,,,,Kose Prédia Deep Sea Spa Green Alga Water
,,,,,Kose Prédia Deep Sea Spa Red Alga Water
,,,,,Kose Junkisui Refreshing Lotion
,,,,,Kose Sekkisei Lotion
,,,,,Kose Infinity Advanced Moisture Concentrate Lotion
,,,,,Kose Prédia Spa et Mer White Crystallizer
,,,,,Kose Infinity Beauty Lip Serum
,,,,,Kose Sekkisei White Washing Foam
,,,,,Kose Sekkisei Supreme Moisturizer I/II
,,,,,Kose Sekkisei Supreme Moisturizer I/II
,,,,,Kose Sekkisei Supreme Washing Cream
,,,,,Kose Infinity Tone Up Wash
,,,,,Kose Sekkisei Supreme Washing Cream
,,,,,Kose Infinity Pure Advance Clear Up Wash
,,,,,Kose Prédia Spa Des Grands Liquid Wash
,,,,,Kose Junkisui Foaming Wash
,,,,,Kose Sekkisei White Liquid Wash
,,,,,Kose Prédia Spa et Mer Thalasso Wash
,,,,,Kose Junkisui Foaming Wash
,,,,,Kose Cosmeport Men's Softymo Facial Wash Wild Scrub
,,,,,Kose Infinity Prestigious Washing Cream
,,,,,Kose Infinity Pure Advance Clear Up Wash
,,,,,Kose Infinity Tone Up Wash
,,,,,Kose Prédia Deep Sea Spa Salty Moist Wash
,,,,,Kose Sekkisei White Washing Foam
,,,,,Kose Prédia Deep Sea Spa Salty Moist Wash
,,,,,Kose Cosmeport Softymo Cleansing Foam Honey Whip
,,,,,Kose Softymo White Cleansing Foam
,,,,,Kose Seikisho Perfect Clear Gel
,,,,,Kose Sekkisei Day Essence
,,,,,Kose Prédia Signs Reset
,,,,,Kose Infinity Deep Moisture Concentrate
,,,,,Kose One By Kosé Melanoshot White
,,,,,Kose Junkisui Refreshing Spots Serum
,,,,,Kose Infinity Perfective White XX
,,,,,Kose Prédia Crystal White
,,,,,Kose Infinity Realizing White Serum XX
,,,,,Kose Predia Spa Et Mer G Serum
,,,,,Kose PRÉDIA SPA ET MER BLANC CONFORT
,,,,,Kose Infinity Advanced Moisture Concentrate Serum
,,,,,Kose Predia Vital Spirits Advanced
,,,,,Kose Predia Vital Spirits Advanced
,,,,,Kose Infinity Concentrate Lotion
,,,,,Kose Sekkisei Clear Facial Soap
,,,,,Kose Sekkisei Facial Essence Soap
,,,,,Kose Prédia Deep Sea Spa Mineral Mist