productName,Google descriptions,incide_productName,incide_ingredients,incide_enDescription,incide_imageKey,Link incidecoder
Pyunkang Yul Cleansing Foam,"A gentle cleanser that deeply cleanses without drying or irritating the skin. The star ingredient, Saposhnikovia Divaricata Root Extract, is rich in Vitamin B, beta carotene and other mineral ingredients to calm troubled skin. Elastic foam for a dreamy cleansing experience! The formula with a stretchy consistency absorbs skin waste and cleans it thoroughly. A gentle but mighty cleansing foam made with ledebouriella seseloides extract that deliver highly effective cleansing with lots of delightful bubbles. ",Pyunkang Yul Cleansing Foam,"Saposhnikovia Divaricata Root Extract, Glycerin, Myristic Acid, Lauric Acid, Potassium Hydroxide, Stearic Acid, Cocamidopropyl Betaine, Beeswax, Glyceryl Stearate, [more]Peg-100 Stearate, Glycol Distearate, Lauramide Dea, Glyceryl Stearate Se, Sodium Polyacrylate, Glyceryl Caprylate, Fragrance[less]","A gentle but mighty cleansing foam made with ledebouriella seseloides extract that deliver highly effective cleansing with lots of delightful bubbles. The stretchy consistency of Pyunkang Cleansing Foam adheres to dirt and oil trapped in pores, and removes them leaving skin feeling clean and fresh without drying. ",https://incidecoder-content.storage.googleapis.com/c09c32fb-7109-48fe-9f0d-63eb44ce736e/products/pyunkang-yul-cleansing-foam/pyunkang-yul-cleansing-foam_front_photo_original.jpeg,https://incidecoder.com/products/pyunkang-yul-cleansing-foam
Chacott for Professionals Cleansing Water,,,,,,
The Auragins Skin Rescue Brightening Gel Cream ,,,,,,
The Auragins Skin Rescue Brightening Gel Cream ,,,,,,
The Auragins Acne Rescue Patch,,,,,,
The Auragins Sulcharia Deep Pore Clarifying Clay Mask,,,,,,
The Auragins Oil Balancing Gel Cleanser,,,,,,
The Auragins Oil Balancing Gel Cleanser,,,,,,
The Auragins Glow Complexion Serum 14% Vitamin C + 6 Berries ExtractsThe Auragins Glow Complexion Serum 14% Vitamin C + 6 Berries Extracts,,,,,,
The Auragins 10% Niacinamide + 1% Zinc Acne Clear Brightening Serum,,,,,,
The Auragins 8% Vitamin B5 + Hyaluronic Acid Rehydrating Serum,,,,,,
The Auragins 7.5% AHA + 0.5% BHA Gentle Peeling Serum,,,,,,
The Auragins Gentle Brightening Toner,,,,,,
The Auragins Gentle Brightening Toner,,,,,,
Channel SUBLIMAGE L'EXTRAIT DE NUIT,,,,,,
Channel N°1 DE CHANEL REVITALIZING SERUM,,,,,,
Channel N°1 DE CHANEL REVITALIZING SERUM,,,,,,
Channel N°1 DE CHANEL REVITALIZING SERUM,,,,,,
Channel LE LIFT PRO CRÈME VOLUME,,,,,,
Channel LE LIFT CRÈME,,,,,,
Channel N°1 DE CHANEL REVITALIZING CREAM,,,,,,
Channel HYDRA BEAUTY MICRO SÉRUM,,,,,,
Channel La Mousse Crème Nettoyante Anti-Pollution Cleansing Cream-To-Foam,,,,,,
Channel SUBLIMAGE LE FLUIDE,,,,,,
Channel SUBLIMAGE L'EXTRAIT DE NUIT - L'ÉCRIN,,,,,,
Channel BOY DE CHANEL FORTIFYING GEL MOISTURIZER,,,,,,
Channel SUBLIMAGE LA CRÈME TEXTURE SUPRÊME,,,,,,
Channel SUBLIMAGE LA CRÈME TEXTURE FINE,,,,,,
Channel SUBLIMAGE L'EXTRAIT DE CRÈME,,,,,,
Channel SUBLIMAGE LA CRÈME LUMIÈRE,,,,,,